player,espn_player_id,pos,nfl_team_id,projection,full_ppr_projection,receptions,adp,tier
Josh Allen,3918298,QB,2,369.6901,369.6901,0.0,20.43,1
Jahmyr Gibbs,4429795,RB,8,330.9656,364.8628,67.79,1.38,1
Lamar Jackson,3916387,QB,33,322.9342,322.9342,0.0,36.62,1
Jalen Hurts,4040715,QB,21,320.2878,320.2878,0.0,53.15,1
Drake Maye,4431452,QB,17,319.3945,319.3945,0.0,47.48,1
Jayden Daniels,4426348,QB,28,318.3828,318.3828,0.0,52.09,1
Bijan Robinson,4430807,RB,1,314.8868,352.7737,75.77,2.42,1
Joe Burrow,3915511,QB,4,304.7591,304.7591,0.0,55.99,1
Christian McCaffrey,3117251,RB,25,303.2596,342.7953,79.07,7.55,1
Jaxson Dart,4689114,QB,19,299.7557,299.7557,0.0,80.23,2
Bo Nix,4426338,QB,7,296.2223,296.2223,0.0,95.08,2
Puka Nacua,4426515,WR,14,294.8537,356.289,122.87,5.27,1
Matthew Stafford,12483,QB,14,293.2001,293.2001,0.0,87.6,2
Brock Purdy,4361741,QB,25,292.477,292.477,0.0,106.66,2
Patrick Mahomes,3139477,QB,12,291.2903,291.2903,0.0,107.13,2
Jonathan Taylor,4242335,RB,11,291.1742,316.5149,50.68,6.82,1
Trevor Lawrence,4360310,QB,30,288.3428,288.3428,0.0,95.63,2
Dak Prescott,2577417,QB,6,286.8545,286.8545,0.0,77.76,3
Justin Herbert,4038941,QB,24,283.6447,283.6447,0.0,95.48,3
Caleb Williams,4431611,QB,3,281.6894,281.6894,0.0,92.71,3
Ja'Marr Chase,4362628,WR,4,277.6554,337.5039,119.7,4.2,1
Jared Goff,3046779,QB,8,268.5367,268.5367,0.0,136.27,3
Jaxon Smith-Njigba,4430878,WR,26,268.3732,326.738,116.73,6.0,1
Daniel Jones,3917792,QB,11,267.2414,267.2414,0.0,158.87,3
Tyler Shough,4360689,QB,18,265.9876,265.9876,0.0,153.7,3
Amon-Ra St. Brown,4374302,WR,8,264.9025,323.9537,118.1,8.29,1
Baker Mayfield,3052587,QB,27,264.7741,264.7741,0.0,146.6,4
Derrick Henry,3043078,RB,33,264.0528,274.7444,21.38,17.53,1
James Cook III,4379399,RB,2,261.663,279.623,35.92,11.14,1
De'Von Achane,4429160,RB,15,261.0257,293.3917,64.73,12.05,2
Jordan Love,4036378,QB,9,258.9816,258.9816,0.0,156.53,4
Saquon Barkley,3929630,RB,21,252.0062,273.6115,43.21,14.6,2
Kyler Murray,3917315,QB,16,250.5986,250.5986,0.0,141.81,4
Kenneth Walker III,4567048,RB,12,249.9994,274.1877,48.38,23.95,2
Ashton Jeanty,4890973,RB,13,248.2328,280.849,65.23,20.56,2
Breece Hall,4427366,RB,20,247.9229,273.9869,52.13,35.12,2
C.J. Stroud,4432577,QB,34,246.5658,246.5658,0.0,165.26,4
Jeremiyah Love,4870808,RB,22,245.896,278.4744,65.16,24.88,2
Sam Darnold,3912547,QB,26,242.5635,242.5635,0.0,162.25,4
CeeDee Lamb,4241389,WR,6,241.9877,293.691,103.41,11.3,1
Javonte Williams,4361579,RB,6,241.2702,259.7163,36.89,34.43,3
Josh Jacobs,4047365,RB,9,241.1286,259.1031,35.95,39.02,3
Chase Brown,4362238,RB,4,239.9414,272.0805,64.28,19.05,3
Malik Willis,4242512,QB,15,239.0898,239.0898,0.0,167.27,4
Justin Jefferson,4262921,WR,16,238.3414,293.71,110.74,12.44,1
Bryce Young,4685720,QB,29,237.5276,237.5276,0.0,168.87,5
Omarion Hampton,4685382,RB,24,235.9013,261.7108,51.62,21.7,3
Geno Smith,15864,QB,20,232.3023,232.3023,0.0,170.11,5
Travis Etienne Jr.,4239996,RB,18,223.729,246.1259,44.79,43.27,3
Cam Ward,4688380,QB,10,219.9844,219.9844,0.0,169.2,5
Aaron Rodgers,8439,QB,23,219.2317,219.2317,0.0,169.24,5
Drake London,4426502,WR,1,218.7077,269.7561,102.1,19.42,2
Kyren Williams,4430737,RB,14,215.4142,232.1119,33.4,38.79,3
Rashee Rice,4428331,WR,12,214.1781,260.5048,92.65,26.09,2
Quinshon Judkins,4685702,RB,5,211.3686,227.4334,32.13,52.2,4
A.J. Brown,4047646,WR,17,205.9661,248.8399,85.75,23.54,2
Nico Collins,4258173,WR,34,204.993,248.2569,86.53,26.24,2
Chris Olave,4361370,WR,18,204.7918,250.443,91.3,30.27,2
Cam Skattebo,4696981,RB,19,204.7085,227.1494,44.88,45.43,4
Malik Nabers,4595348,WR,19,202.6663,245.7246,86.12,34.4,2
Garrett Wilson,4569618,WR,20,199.3762,249.4044,100.06,36.86,3
Jacoby Brissett,2578570,QB,22,198.9272,198.9272,0.0,169.99,5
George Pickens,4426354,WR,6,198.8285,238.6142,79.57,29.34,3
Davante Adams,16800,WR,14,198.5568,232.309,67.5,46.44,3
Zay Flowers,4429615,WR,33,197.9258,238.7785,81.71,43.19,3
D'Andre Swift,4259545,RB,3,196.4602,211.6753,30.43,58.22,4
Tetairoa McMillan,4685472,WR,29,194.6667,236.4686,83.6,41.79,3
Emeka Egbuka,4567750,WR,27,194.2364,229.0423,69.61,46.52,3
DeVonta Smith,4241478,WR,21,193.9733,239.2396,90.53,38.55,4
Brock Bowers,4432665,TE,13,191.5119,240.9384,98.85,24.11,1
Bucky Irving,4596448,RB,27,188.6712,207.0779,36.81,56.22,4
Bhayshul Tuten,4882093,RB,30,188.4286,205.2927,33.73,67.09,4
Trey McBride,4361307,TE,22,187.9625,241.8695,107.81,21.73,1
Fernando Mendoza,4837248,QB,13,187.5552,187.5552,0.0,168.11,5
Rome Odunze,4431299,WR,3,182.9832,212.6402,59.31,64.88,4
Tee Higgins,4239993,WR,4,182.7157,219.3407,73.25,52.86,4
Rhamondre Stevenson,4569173,RB,17,181.6453,202.8631,42.44,81.97,4
Ladd McConkey,4612826,WR,24,181.2243,221.0366,79.62,48.14,4
Jadarian Price,4685512,RB,26,180.5297,194.0606,27.06,72.17,5
Terry McLaurin,3121422,WR,28,180.2063,218.7176,77.02,60.85,4
TreVeyon Henderson,4432710,RB,17,178.0116,197.3752,38.73,79.43,5
David Montgomery,4035538,RB,34,176.8171,192.5587,31.48,66.23,5
Jameson Williams,4426388,WR,8,176.2936,208.3968,64.21,65.72,4
DJ Moore,3915416,WR,2,175.9381,209.5141,67.15,62.77,5
Jaylen Waddle,4372016,WR,7,175.0029,213.2813,76.56,54.04,5
Brandon Aubrey,3953687,K,6,171.662,171.662,0.0,86.34,1
Rico Dowdle,4038815,RB,23,171.4699,186.09,29.24,98.9,5
Tony Pollard,3916148,RB,10,170.9545,185.8035,29.7,97.17,5
Courtland Sutton,3128429,WR,7,169.7574,204.3504,69.19,81.04,5
Jaylen Warren,4569987,RB,23,168.6349,191.6864,46.1,92.89,5
Tyler Warren,4431459,TE,11,168.3948,210.8719,84.95,51.51,1
Luther Burden III,4685278,WR,3,168.3449,205.868,75.05,76.62,5
Colston Loveland,4723086,TE,3,165.8258,205.9173,80.18,43.66,1
Carnell Tate,4871023,WR,10,165.1424,202.4087,74.53,77.33,5
J.K. Dobbins,4241985,RB,7,164.3304,175.0089,21.36,113.88,6
DK Metcalf,4047650,WR,23,163.5555,195.9416,64.77,85.97,5
Kyle Monangai,4608686,RB,3,163.3617,176.1883,25.65,125.15,6
Cameron Dicker,4362081,K,24,161.8937,161.8937,0.0,109.9,1
Harrison Mevis,4574716,K,14,159.5297,159.5297,0.0,136.67,1
Marvin Harrison Jr.,4432708,WR,22,159.4234,193.802,68.76,81.86,6
Jason Myers,2473037,K,26,158.505,158.505,0.0,117.3,1
Ka'imi Fairbairn,2971573,K,34,157.8616,157.8616,0.0,128.52,1
Christian Watson,4248528,WR,9,157.7094,185.1281,54.84,92.5,6
Alec Pierce,4360078,WR,11,156.4383,186.7231,60.57,105.92,6
Parker Washington,4432620,WR,30,155.3738,187.2531,63.76,92.05,6
Eddy Pineiro,4034949,K,25,155.3178,155.3178,0.0,143.83,1
Jonathon Brooks,4678008,RB,29,154.4112,170.7586,32.69,109.64,6
Aaron Jones Sr.,3042519,RB,16,153.5171,177.0242,47.01,121.71,6
Michael Pittman Jr.,4035687,WR,23,153.119,197.3363,88.43,90.44,6
Mike Evans,16737,WR,25,152.5034,180.8693,56.73,89.15,6
Chuba Hubbard,4241416,RB,29,152.3061,172.9348,41.26,113.39,6
Kenny Gainwell,4371733,RB,27,151.7728,177.8291,52.11,108.64,6
George Kittle,3040151,TE,25,151.7386,188.878,74.28,82.3,1
Matthew Golden,4701936,WR,9,151.6281,184.9619,66.67,107.99,7
Jacory Croskey-Merritt,4575131,RB,28,151.5162,159.5404,16.05,134.3,7
Blake Corum,4429096,RB,14,151.0353,159.3731,16.68,130.08,7
Sam LaPorta,4430027,TE,8,149.4403,188.5969,78.31,72.44,1
Harrison Butker,3055899,K,12,148.7676,148.7676,0.0,143.43,2
Brian Thomas Jr.,4432773,WR,30,148.0988,176.6489,57.1,109.29,7
Harold Fannin Jr.,5083076,TE,5,147.2567,189.1763,83.84,72.82,2
Jakobi Meyers,3916433,WR,30,147.0491,181.961,69.82,119.23,7
Cam Little,4686361,K,30,146.8535,146.8535,0.0,140.95,2
Tyler Loop,4697745,K,33,146.0304,146.0304,0.0,164.99,2
Xavier Worthy,4683062,WR,12,145.8917,173.7182,55.65,127.65,7
Jake Bates,4689936,K,8,145.8455,145.8455,0.0,157.17,2
Tucker Kraft,4572680,TE,9,144.9801,180.6715,71.38,90.28,2
Kyle Pitts Sr.,4360248,TE,1,144.8969,185.1312,80.47,67.0,2
Rachaad White,4697815,RB,28,144.5592,164.7363,40.35,128.96,7
Cairo Santos,17427,K,3,144.4116,144.4116,0.0,168.88,2
Trey Smack,4869461,K,9,144.0038,144.0038,0.0,167.81,2
Jordan Mason,4360569,RB,16,143.8255,150.5265,13.4,139.1,7
Shedeur Sanders,4432762,QB,5,142.971,142.971,0.0,169.77,6
Chris Boswell,17372,K,23,142.8567,142.8567,0.0,164.45,3
Will Reichard,4567104,K,16,142.229,142.229,0.0,167.59,3
Chase McLaughlin,3150744,K,27,142.1958,142.1958,0.0,170.15,3
Evan McPherson,4360234,K,4,142.1386,142.1386,0.0,169.25,3
Dallas Goedert,3121023,TE,21,141.7417,177.0523,70.62,102.42,2
Nick Folk,10621,K,1,141.2656,141.2656,0.0,170.29,3
Michael Wilson,4360761,WR,22,141.2443,176.5343,70.58,102.42,7
Travis Kelce,15847,TE,12,140.9491,177.9186,73.94,95.95,2
Mark Andrews,3116365,TE,33,140.3135,169.2831,57.94,124.21,2
Jordan Addison,4429205,WR,16,140.2578,170.5042,60.49,118.0,7
Quentin Johnston,4429025,WR,24,139.0206,165.4212,52.8,132.73,8
Jayden Reed,4362249,WR,9,138.5432,170.2141,63.34,133.29,8
Daniel Carlson,3051909,K,18,137.9292,137.9292,0.0,170.1,3
Dominic Zvada,5082424,K,19,137.1779,137.1779,0.0,169.91,4
Tyler Bass,3917232,K,2,136.7883,136.7883,0.0,169.56,4
Khalil Shakir,4373678,WR,2,136.0791,171.1174,70.08,134.46,8
Wil Lutz,2985659,K,7,135.8659,135.8659,0.0,169.68,4
Jake Elliott,3050478,K,21,135.7636,135.7636,0.0,168.96,4
Wan'Dale Robinson,4569587,WR,10,135.6001,175.0154,78.83,114.67,8
Drew Stevens,5081335,K,28,133.7686,133.7686,0.0,169.94,4
Blake Grupe,4259619,K,11,132.7924,132.7924,0.0,170.01,4
Broncos D/ST,-16007,DST,7,130.5913,130.5913,0.0,98.77,1
Texans D/ST,-16034,DST,34,130.3204,130.3204,0.0,90.2,1
Jake Ferguson,4242355,TE,6,130.1752,166.6028,72.86,109.83,3
Tyjae Spears,4428557,RB,10,129.6838,154.4551,49.54,150.7,7
Andy Borregales,4569923,K,17,129.1161,129.1161,0.0,170.09,5
Stefon Diggs,2976212,WR,28,128.457,163.9961,71.08,113.15,8
Jason Sanders,3124679,K,20,128.4208,128.4208,0.0,169.87,5
Makai Lemon,4870795,WR,21,128.3639,154.6129,52.5,135.75,8
Riley Patterson,4243371,K,15,127.3833,127.3833,0.0,169.93,5
Chris Godwin Jr.,3116165,WR,27,127.2097,157.3927,60.37,131.29,9
KC Concepcion,4870653,WR,5,126.5807,155.9204,58.68,145.83,9
Dalton Kincaid,4385690,TE,2,125.7826,155.4186,59.27,131.19,3
Deebo Samuel Sr.,3126486,WR,25,125.7594,149.5584,47.6,137.21,9
De'Zhaun Stribling,4710714,WR,25,125.447,149.9171,48.94,144.41,9
RJ Harvey,4568490,RB,7,125.1609,149.5246,48.73,130.64,7
Matt Gay,4249087,K,13,125.0967,125.0967,0.0,169.53,5
Romeo Doubs,4361432,WR,17,124.2361,150.4271,52.38,149.01,9
Ryan Fitzgerald,4568263,K,29,124.0691,124.0691,0.0,169.79,5
Isaiah Likely,4361050,TE,19,123.8785,155.5495,63.34,124.98,3
Zach Charbonnet,4426385,RB,26,123.8303,133.9925,20.32,153.67,8
Joey Slye,3124084,K,10,123.3593,123.3593,0.0,169.82,5
Rashid Shaheed,4032473,WR,26,123.0631,144.4834,42.84,158.17,9
Steelers D/ST,-16023,DST,23,122.7341,122.7341,0.0,120.22,1
Josh Downs,4688813,WR,11,122.5106,157.7367,70.45,136.77,10
Seahawks D/ST,-16026,DST,26,122.3143,122.3143,0.0,111.18,1
Hunter Henry,3046439,TE,17,122.2901,150.0992,55.62,148.77,3
Rams D/ST,-16014,DST,14,121.9389,121.9389,0.0,109.5,1
Andre Szmyt,4258620,K,5,121.7439,121.7439,0.0,169.87,6
Chad Ryland,4363538,K,22,121.6566,121.6566,0.0,169.89,6
Ravens D/ST,-16033,DST,33,120.0074,120.0074,0.0,134.09,1
T.J. Hockenson,4036133,TE,16,119.3758,158.2245,77.7,142.99,3
Kenyon Sadiq,5083315,TE,20,117.4582,147.9394,60.96,156.48,3
Jalen Coker,4695883,WR,29,116.5135,147.2081,61.39,156.99,10
Woody Marks,4429059,RB,34,115.6027,127.6826,24.16,150.24,8
Isiah Pacheco,4361529,RB,8,114.9489,123.5347,17.17,159.79,8
Tua Tagovailoa,4241479,QB,1,114.8891,114.8891,0.0,170.07,6
Denzel Boston,4832800,WR,5,114.619,142.3288,55.42,167.72,10
Jerry Jeudy,4241463,WR,5,114.0992,140.0661,51.93,167.28,10
Tre Tucker,4428718,WR,13,113.7769,137.9827,48.41,168.75,10
Calvin Ridley,3925357,WR,10,113.708,135.3804,43.34,168.26,10
Michael Penix Jr.,4360423,QB,1,113.5977,113.5977,0.0,170.09,6
Brenton Strange,4430539,TE,30,112.9364,142.4722,59.07,167.62,4
Terrance Ferguson,4570037,TE,14,112.816,135.7781,45.92,167.27,4
Juwan Johnson,3929645,TE,18,111.9138,143.4473,63.07,160.55,4
Jalen McMillan,4430834,WR,27,109.2773,132.9114,47.27,166.24,11
Lions D/ST,-16008,DST,8,107.8213,107.8213,0.0,154.15,2
Eagles D/ST,-16021,DST,21,106.7051,106.7051,0.0,137.43,2
Adonai Mitchell,4597500,WR,20,106.4911,127.4288,41.88,170.64,11
Pat Freiermuth,4361411,TE,23,106.4049,136.3699,59.93,169.39,4
Browns D/ST,-16005,DST,5,103.9326,103.9326,0.0,156.87,2
Rashod Bateman,4360939,WR,33,103.6663,122.5007,37.67,171.31,11
Dalton Schultz,3117256,TE,34,103.1557,132.9121,59.51,168.44,4
Jalen Nailor,4382466,WR,13,102.0666,124.2366,44.34,170.9,11
Alvin Kamara,3054850,RB,18,100.9126,117.3505,32.88,160.08,8
Chiefs D/ST,-16012,DST,12,100.3623,100.3623,0.0,165.28,2
Patriots D/ST,-16017,DST,17,100.2944,100.2944,0.0,152.42,2
Devaughn Vele,4569559,WR,18,99.0352,123.794,49.52,171.58,11
Gunnar Helm,4686728,TE,10,98.1119,126.9731,57.72,170.66,4
Keenan Allen,15818,WR,11,96.8858,124.4332,55.09,165.61,11
Chig Okonkwo,4360635,TE,28,95.6214,121.2682,51.29,170.01,5
Chargers D/ST,-16024,DST,24,94.8419,94.8419,0.0,165.33,2
Justice Hill,4038441,RB,33,94.4789,114.1932,39.43,169.27,8
Greg Dulcich,4367209,TE,15,93.2414,119.0943,51.71,170.44,5
Darren Waller,2576925,TE,29,93.0884,114.6229,43.07,170.34,5
Buccaneers D/ST,-16027,DST,27,92.7997,92.7997,0.0,170.2,3
Caleb Douglas,4869645,WR,15,92.6032,114.551,43.9,170.22,12
Malik Washington,4569603,WR,15,92.5013,114.9044,44.81,170.18,12
Travis Hunter,4685415,WR,30,92.3106,113.1056,41.59,119.53,12
AJ Barner,4576297,TE,26,91.4208,113.778,44.71,169.62,5
Jauan Jennings,3886598,WR,16,91.3802,114.6199,46.48,171.04,12
Samaje Perine,3116389,RB,4,91.1138,100.5122,18.8,171.1,8
Packers D/ST,-16009,DST,9,90.3196,90.3196,0.0,168.96,3
Kayshon Boutte,4429022,WR,34,89.977,110.3749,40.8,170.61,12
Brian Robinson Jr.,4241474,RB,1,89.5891,93.9618,8.75,166.45,9
Bears D/ST,-16003,DST,3,88.9617,88.9617,0.0,169.6,3
Saints D/ST,-16018,DST,18,88.806,88.806,0.0,170.43,3
Germie Bernard,4685261,WR,23,88.5934,108.8057,40.42,171.34,12
Dontayvion Wicks,4428850,WR,21,88.4577,108.2131,39.51,170.88,13
Ja'Kobi Lane,4870847,WR,33,84.6975,100.4642,31.53,168.33,13
Jets D/ST,-16020,DST,20,84.4525,84.4525,0.0,170.12,3
David Njoku,3123076,TE,24,84.4162,104.3523,39.87,169.66,5
Jaylin Noel,4586312,WR,34,83.8663,103.6596,39.59,171.76,13
Keaton Mitchell,4596334,RB,24,83.8637,93.8877,20.05,169.2,9
49ers D/ST,-16025,DST,25,82.9857,82.9857,0.0,168.92,3
Evan Engram,3051876,TE,7,82.9737,106.6018,47.26,170.04,5
Cooper Kupp,2977187,WR,26,82.5931,101.5192,37.85,169.15,13
Tyler Allgeier,4373626,RB,22,82.2249,91.2723,18.09,163.02,9
Jordyn Tyson,4880281,WR,18,81.9996,99.7836,35.57,167.69,13
Jaguars D/ST,-16030,DST,30,81.3832,81.3832,0.0,167.95,4
Cade Otton,4243331,TE,27,79.8352,102.1014,44.53,170.4,6
Cowboys D/ST,-16006,DST,6,78.6975,78.6975,0.0,166.78,4
Tank Dell,4366031,WR,34,78.6488,95.8947,34.49,159.32,13
Deshaun Watson,3122840,QB,5,78.6084,78.6084,0.0,170.06,6
MarShawn Lloyd,4429023,RB,9,78.2567,86.2787,16.04,164.52,9
Xavier Legette,4430034,WR,29,76.1525,94.0792,35.85,170.71,14
Jahan Dotson,4361409,WR,1,75.1832,92.7591,35.15,170.65,14
Colts D/ST,-16011,DST,11,75.157,75.157,0.0,170.15,4
Vikings D/ST,-16016,DST,16,74.3078,74.3078,0.0,168.85,4
Ty Johnson,3915411,RB,2,73.9462,84.7591,21.63,170.71,9
Bengals D/ST,-16004,DST,4,73.4695,73.4695,0.0,169.76,4
Dylan Sampson,5081397,RB,5,73.3995,88.3214,29.84,169.64,9
Darius Slayton,3916945,WR,19,72.8996,88.6494,31.5,170.56,14
Tre' Harris,4686612,WR,24,72.6152,89.8743,34.52,171.11,14
Ryan Flournoy,5083754,WR,6,72.4832,89.3781,33.79,171.05,14
Najee Harris,4241457,RB,19,72.2241,78.3071,12.17,170.13,10
Omar Cooper Jr.,4723820,WR,20,70.9618,87.3965,32.87,171.19,14
Braelon Allen,4685247,RB,20,70.2755,76.6359,12.72,170.96,10
Giants D/ST,-16019,DST,19,69.9603,69.9603,0.0,169.61,4
Mike Gesicki,3116164,TE,4,69.7151,85.8045,32.18,170.28,6
Chris Rodriguez Jr.,4362619,RB,30,69.3807,71.4413,4.12,165.06,10
Jalen Tolbert,4249417,WR,15,67.1874,83.7612,33.15,170.55,15
Zachariah Branch,4870612,WR,1,66.8129,82.5191,31.41,170.86,15
Titans D/ST,-16010,DST,10,66.7111,66.7111,0.0,169.92,5
DeMario Douglas,4427095,WR,17,66.3065,81.4109,30.21,170.33,15
Jonah Coleman,4702555,RB,7,65.7553,74.4742,17.44,169.38,10
Tyquan Thornton,4362921,WR,12,65.7391,77.6751,23.87,170.42,15
Antonio Williams,5081432,WR,28,64.8674,77.8317,25.93,170.6,15
Keon Coleman,4635008,WR,2,63.2224,75.4347,24.42,170.39,15
Michael Mayer,4429086,TE,13,62.4518,80.9717,37.04,170.29,6
Tank Bigsby,4429013,RB,21,62.3541,64.1701,3.63,169.51,10
Panthers D/ST,-16029,DST,29,62.2665,62.2665,0.0,169.83,5
Oronde Gadsden,4595342,TE,24,62.1329,77.2613,30.26,170.19,6
Colby Parkinson,4242557,TE,14,61.3497,75.348,28.0,170.29,6
Commanders D/ST,-16028,DST,28,61.3367,61.3367,0.0,169.72,5
Mike Washington Jr.,4686658,RB,13,60.9732,65.1652,8.38,162.96,10
Isaac TeSlaa,5123663,WR,8,60.9689,72.8475,23.76,170.29,16
Falcons D/ST,-16001,DST,1,60.5706,60.5706,0.0,170.09,5
Darnell Mooney,4040655,WR,19,59.5948,71.6578,24.13,170.46,16
Pat Bryant,4600981,WR,7,58.6381,72.832,28.39,170.46,16
Bills D/ST,-16002,DST,2,58.5321,58.5321,0.0,168.97,5
Marvin Mims Jr.,4686472,WR,7,57.8511,69.9131,24.12,170.17,16
KaVontae Turpin,3676833,WR,6,57.7657,66.8222,18.11,169.83,16
Darnell Washington,4430802,TE,23,57.0054,72.4968,30.98,169.76,6
Chris Bell,4869961,WR,15,56.9462,70.6384,27.38,170.52,16
Kaelon Black,4696044,RB,25,56.429,60.5043,8.15,170.42,11
Emari Demercado,4362478,RB,12,55.9926,63.8573,15.73,170.38,11
Dawson Knox,3930086,TE,2,55.7146,68.1859,24.94,169.78,7
Malachi Fields,4682648,WR,19,55.4298,68.576,26.29,170.06,17
Tory Horton,4597703,WR,26,54.6814,65.491,21.62,170.22,17
Raiders D/ST,-16013,DST,13,53.8719,53.8719,0.0,169.76,5
Ted Hurst III,5220680,WR,27,53.5444,64.9414,22.79,170.19,17
Jack Bech,4603186,WR,13,52.0737,65.9413,27.74,170.22,17
Mason Taylor,4808766,TE,20,51.9124,68.1317,32.44,170.02,7
Cardinals D/ST,-16022,DST,22,50.7297,50.7297,0.0,169.83,6
Jaydon Blue,4685279,RB,6,50.6542,55.0122,8.72,170.47,11
Savion Williams,4431487,WR,9,50.3466,60.5885,20.48,170.09,17
Theo Johnson,4429148,TE,19,49.0121,61.7271,25.43,170.16,7
Elijah Arroyo,4678006,TE,26,48.5668,60.6154,24.1,169.9,7
Andrei Iosivas,4368003,WR,4,47.9048,58.1603,20.51,170.11,17
Noah Gray,4240472,TE,12,47.8831,60.9683,26.17,169.92,7
Erick All Jr.,4427834,TE,4,47.5481,60.5177,25.94,170.04,7
Mack Hollins,2991662,WR,17,45.8702,56.6143,21.49,170.03,18
Kirk Cousins,14880,QB,13,45.8205,45.8205,0.0,169.97,6
Dolphins D/ST,-16015,DST,15,44.7144,44.7144,0.0,169.61,6
Tutu Atwell,4360797,WR,14,44.7095,55.2435,21.07,170.09,18
Isaiah Davis,4695404,RB,20,44.5054,50.9463,12.88,170.57,11
Cyrus Allen,4912218,WR,12,43.326,53.0378,19.42,169.69,18
Kyle Williams,4613202,WR,17,43.1814,51.2025,16.04,169.96,18
Cole Kmet,4258595,TE,3,42.7578,53.6002,21.68,169.73,8
Emmett Johnson,4832955,RB,12,42.412,46.6163,8.41,169.97,11
Troy Franklin,4431280,WR,7,42.2531,50.7395,16.97,170.06,18
Xavier Hutchinson,4686422,WR,34,40.4211,49.7798,18.72,170.12,18
J.J. McCarthy,4433970,QB,16,39.8343,39.8343,0.0,169.84,6
Jaylen Wright,4682745,RB,15,39.6919,43.424,7.46,170.53,11
Dyami Brown,4361577,WR,28,39.0366,46.9627,15.85,169.98,19
Kendrick Bourne,3045523,WR,22,38.9098,50.2899,22.76,170.0,19
Malik Benson,5150247,WR,13,38.6136,48.3316,19.44,169.99,19
Kalif Raymond,2973405,WR,3,38.3863,47.9728,19.17,169.97,19
George Holani,4429835,RB,26,37.4555,41.4607,8.01,170.29,12
Treylon Burks,4567156,WR,28,37.4418,44.9609,15.04,169.99,19
Devontez Walker,4696882,WR,33,36.7151,43.9587,14.49,169.96,19
Joshua Palmer,4242433,WR,2,36.325,44.7608,16.87,169.94,20
Sean Tucker,4430871,RB,27,35.9406,36.9325,1.98,170.35,12
LeQuint Allen Jr.,4911851,RB,30,35.581,46.421,21.68,170.35,12
Tyrone Tracy Jr.,4360516,RB,19,34.9156,40.8778,11.92,170.25,12
Kyle Juszczyk,16002,RB,25,34.6328,44.8431,20.42,169.95,12
Tommy Tremble,4372780,TE,29,34.4117,43.6313,18.44,169.95,8
Ray Davis,4429501,RB,2,34.2513,38.126,7.75,170.99,12
Chimere Dike,4431268,WR,10,34.1229,39.4433,10.64,169.89,20
Austin Hooper,3043275,TE,1,33.165,43.4453,20.56,169.98,8
Ollie Gordon II,4711533,RB,15,32.9522,34.9191,3.93,170.65,13
Colbie Young,5092508,WR,4,32.5711,39.6118,14.08,169.97,20
Ja'Tavion Sanders,4431588,TE,29,32.5436,42.3072,19.53,169.94,8
Elijah Higgins,4426844,TE,22,32.515,42.9654,20.9,169.95,8
Kimani Vidal,4430968,RB,24,32.4339,36.3541,7.84,170.93,13
Bryce Lance,4879276,WR,18,31.9696,39.5197,15.1,169.98,20
DJ Giddens,4874509,RB,11,31.8001,36.0212,8.44,170.19,13
Jaylin Lane,4602667,WR,28,31.1113,37.3285,12.43,169.99,20
Will Kacmarek,4880236,TE,15,30.8711,39.9209,18.1,169.97,8
Tyler Higbee,2573401,TE,14,30.4515,38.0922,15.28,169.87,9
Drew Sample,3127310,TE,4,30.1605,38.8164,17.31,169.97,9
Chris Brooks,3149687,RB,9,30.116,36.0098,11.79,170.21,13
Josh Oliver,3921690,TE,16,30.0859,38.4107,16.65,169.95,9
Zavion Thomas,4869748,WR,3,29.9441,36.1806,12.47,169.94,20
Eli Raridon,4831959,TE,17,29.3184,37.0769,15.52,169.96,9
Carson Beck,4430841,QB,22,29.3014,29.3014,0.0,169.99,7
Charlie Kolar,4241263,TE,24,28.8604,36.1946,14.67,169.98,9
Elijah Sarratt,5088338,WR,33,28.049,33.6107,11.12,169.98,21
Noah Fant,4036131,TE,18,27.631,36.0785,16.9,169.97,9
Hollywood Brown,4241372,WR,21,27.5464,33.763,12.43,169.95,21
Jordan James,4685397,RB,25,27.166,29.2086,4.09,170.93,13
Cade Stover,4426496,TE,34,26.9573,34.6996,15.48,169.97,10
Jordan Whittington,4569382,WR,14,26.0261,31.6577,11.26,169.96,21
Isaiah Bond,4808839,WR,5,25.8821,30.8838,10.0,169.98,21
Malik Davis,4240603,RB,6,25.3596,27.4221,4.13,170.04,13
Olamide Zaccheaus,3917914,WR,1,25.1678,32.3148,14.29,169.99,21
Isaiah Williams,4569371,WR,20,25.1441,31.0173,11.75,169.99,21
Ashton Dulin,4061956,WR,11,24.8807,29.8889,10.02,169.98,22
Kevin Coleman Jr.,4685307,WR,15,24.7409,31.1313,12.78,169.98,22
Konata Mumpfield,4710855,WR,14,24.3015,29.2373,9.87,169.97,22
Eli Stowers,4431574,TE,21,23.6221,29.0001,10.76,169.97,10
Skyler Bell,4683153,WR,2,23.4347,28.4864,10.1,169.93,22
Adam Randall,4685526,RB,33,23.277,25.0844,3.61,170.35,14
Roman Wilson,4431492,WR,23,22.9764,28.8652,11.78,169.97,22
Adam Trautman,3911853,TE,7,22.9591,28.8045,11.69,169.96,10
Brenen Thompson,4685553,WR,24,22.7567,27.523,9.53,169.98,22
Christian Kirk,3895856,WR,25,22.6668,27.5159,9.7,169.91,23
Will Shipley,4431545,RB,21,22.3918,28.0473,11.31,170.11,14
Mo Alie-Cox,2998565,TE,11,22.2265,27.5545,10.66,169.97,10
Luke Schoonmaker,4372096,TE,6,22.0004,27.6845,11.37,169.92,10
Jackson Hawes,4573699,TE,2,21.8843,27.4309,11.09,169.97,10
Hunter Luepke,4383396,RB,6,20.7779,25.0649,8.57,169.98,14
Jake Tonges,4259147,TE,25,19.9937,25.2009,10.41,170.24,11
Elic Ayomanor,4883647,WR,10,19.5156,23.9332,8.84,170.0,23
Odell Beckham Jr.,16733,WR,19,19.4728,24.086,9.23,169.47,23
Tahj Brooks,4429299,RB,4,18.399,18.399,0.0,170.15,14
Tez Johnson,4608810,WR,27,18.2361,21.5647,6.66,169.98,23
Jimmy Horn Jr.,4708486,WR,29,17.8984,21.2296,6.66,169.96,23
Nicholas Singleton,4685555,RB,10,17.6702,19.8151,4.29,170.4,14
Luke McCaffrey,4426948,WR,28,15.1154,18.4695,6.71,169.9,23
Kendre Miller,4599739,RB,18,15.1062,15.8624,1.51,170.16,14
Jalen Royals,5082630,WR,12,14.9885,18.4051,6.83,169.97,24
Brock Wright,4242392,TE,8,14.7244,18.5818,7.71,169.91,11
Trevor Etienne,4685350,RB,29,14.6735,16.7319,4.12,170.02,15
Demond Claiborne,4832846,RB,16,14.5166,16.767,4.5,170.39,15
Nick Westbrook-Ikhine,3929785,WR,11,14.2158,17.27,6.11,169.99,24
Oscar Delp,4702559,TE,18,14.1377,18.0331,7.79,169.98,11
Greg Dortch,4037235,WR,8,13.9618,16.0122,4.1,169.97,24
Kaytron Allen,4685246,RB,28,13.7169,15.7479,4.06,170.45,15
Seth McGowan,4686468,RB,11,13.5515,15.6986,4.29,170.2,15
Dont'e Thornton Jr.,4432775,WR,13,13.0402,16.0597,6.04,169.99,24
Luke Musgrave,4428085,TE,9,12.476,16.2108,7.47,169.96,11
Barion Brown,4698597,WR,18,10.9054,13.1998,4.59,169.97,24
Justin Fields,4362887,QB,12,10.6564,10.6564,0.0,169.96,7
Joe Flacco,11252,QB,4,10.5391,10.5391,0.0,169.95,7
Jarrett Stidham,3892775,QB,7,10.4397,10.4397,0.0,169.98,7
Tommy DeVito,4240391,QB,17,10.3066,10.3066,0.0,169.94,7
Bo Melton,4259305,WR,9,10.2373,11.7058,2.94,169.98,24
Marcus Mariota,2576980,QB,28,10.2164,10.2164,0.0,169.99,7
Tyson Bagent,4434153,QB,3,10.0915,10.0915,0.0,169.98,8
Ty Simpson,4685522,QB,14,10.0448,10.0448,0.0,169.95,8
Xavier Smith,4386544,WR,14,9.7786,11.5707,3.58,169.97,25
Sam Howell,4426875,QB,6,9.5502,9.5502,0.0,169.98,8
Tanner McKee,4685201,QB,21,9.4838,9.4838,0.0,169.97,8
Drew Allar,4714771,QB,23,9.4748,9.4748,0.0,169.92,8
Riley Leonard,4683423,QB,11,9.4093,9.4093,0.0,169.98,8
Tyrod Taylor,14163,QB,9,9.244,9.244,0.0,169.97,9
Emanuel Wilson,4887558,RB,26,9.2376,9.9145,1.35,170.22,15
Kenny Pickett,4240703,QB,29,9.0543,9.0543,0.0,169.96,9
Spencer Rattler,4426339,QB,18,8.9643,8.9643,0.0,169.98,9
Tyler Huntley,4035671,QB,33,8.6572,8.6572,0.0,169.97,9
Joshua Dobbs,3044720,QB,8,8.6505,8.6505,0.0,169.94,9
Jameis Winston,2969939,QB,19,8.6318,8.6318,0.0,169.95,9
Mac Jones,4241464,QB,25,8.6219,8.6219,0.0,169.97,10
Efton Chism III,4695193,WR,17,8.3252,10.0732,3.5,169.96,25
Cade Klubnik,4685413,QB,20,8.2048,8.2048,0.0,169.98,10
Kyle Allen,3115293,QB,2,8.0602,8.0602,0.0,169.95,10
Drew Lock,3924327,QB,26,7.9841,7.9841,0.0,169.96,10
Max Klare,4833029,TE,14,7.9358,9.9468,4.02,169.98,11
CJ Daniels,4605951,WR,14,7.9267,9.6014,3.35,169.97,25
Demarcus Robinson,3043116,WR,25,7.8412,9.4806,3.28,169.97,25
Justin Joly,4912052,TE,7,7.5788,9.5863,4.01,169.97,11
Brevyn Spann-Ford,4360967,TE,6,7.5483,9.4756,3.85,169.97,12
Quinn Ewers,4889929,QB,30,7.3035,7.3035,0.0,169.97,10
Tai Felton,4565185,WR,16,7.1539,9.0117,3.72,169.97,25
Jahdae Walker,5160110,WR,3,7.0786,8.6633,3.17,169.96,25
Matthew Hibner,4432260,TE,33,6.9713,8.6374,3.33,169.98,12
Jonathan Mingo,4426485,WR,6,6.947,8.3759,2.86,169.97,26
Jawhar Jordan,4429939,RB,34,6.8997,6.8997,0.0,170.15,15
Marlin Klein,4695705,TE,34,6.8967,8.8766,3.96,169.98,12
Darius Cooper,4715355,WR,21,6.8772,8.5059,3.26,169.97,26
Sam Roush,4685504,TE,3,6.8755,8.698,3.65,169.97,12
Cedric Tillman,4369863,WR,0,5.9306,7.4317,3.0,169.99,26
Patrick Ricard,2975417,RB,19,5.4259,7.3863,3.92,169.97,16
Kaleb Johnson,4819231,RB,23,4.8486,4.8486,0.0,170.05,16
Kaden Wetjen,5081338,WR,23,4.0832,4.0832,0.0,169.95,26
Ben Skowronek,4035656,WR,23,2.9943,3.8856,1.78,169.98,26
Braxton Berrios,3123075,WR,19,2.4887,2.4887,0.0,169.96,26
Kene Nwangwu,4035537,RB,20,2.2855,2.2855,0.0,170.11,16
Myles Price,4430656,WR,16,1.9501,1.9501,0.0,169.96,27
Isaac Guerendo,4372561,RB,25,1.045,1.045,0.0,170.11,16
Brashard Smith,4596602,RB,12,0.9866,0.9866,0.0,170.08,16
Bam Knight,4427728,RB,22,0.8181,0.8181,0.0,170.09,16
Dylan Laube,4366963,RB,13,0.6657,0.6657,0.0,170.07,17
Rasheen Ali,4690013,RB,33,0.4954,0.4954,0.0,170.07,17
Skyy Moore,4430191,WR,9,0.3973,0.3973,0.0,169.97,27
Tyler Badie,4362748,RB,7,0.3532,0.3532,0.0,170.06,17
Jacob Saylors,4383429,RB,8,0.3314,0.3314,0.0,169.99,17
Josh Williams,4568024,RB,27,0.1092,0.1092,0.0,169.95,17
